,amount,is_fraud
amount,1.0,0.3262025032701949
is_fraud,0.3262025032701949,1.0
