Department,Female,Male
CSE,91.0,89.0
ECE,81.33333333333333,81.5
EEE,75.33333333333333,76.0
